name,midpoint,impermeability,score,b-position,strand
chrX_645000,21570000,+1,10,4314,+
chrX_120000,21045000,-1,10,4209,-
chrX_785000,21710000,+1,10,4342,+
chrX_410000,21335000,-1,10,4267,-
chrX_810000,21735000,+1,10,4347,+
chrX_410000,21335000,-1,10,4267,-
chrX_1340000,22265000,+1,10,4453,+
chrX_410000,21335000,-1,10,4267,-
chrX_1385000,22310000,+1,10,4462,+
chrX_410000,21335000,-1,10,4267,-
chrX_1340000,22265000,+1,10,4453,+
chrX_810000,21735000,-1,10,4347,-
chrX_1390000,22315000,+1,10,4463,+
chrX_810000,21735000,-1,10,4347,-
chrX_1625000,22550000,+1,10,4510,+
chrX_1340000,22265000,-1,10,4453,-
chrX_1910000,22835000,+1,10,4567,+
chrX_1340000,22265000,-1,10,4453,-
chrX_2360000,23285000,+1,10,4657,+
chrX_1340000,22265000,-1,10,4453,-
chrX_3000000,23925000,+1,10,4785,+
chrX_1340000,22265000,-1,10,4453,-
chrX_4215000,25140000,+1,10,5028,+
chrX_3000000,23925000,-1,10,4785,-
chrX_4390000,25315000,+1,10,5063,+
chrX_4210000,25135000,-1,10,5027,-
chrX_5425000,26350000,+1,10,5270,+
chrX_4210000,25135000,-1,10,5027,-
chrX_6300000,27225000,+1,10,5445,+
chrX_4210000,25135000,-1,10,5027,-
chrX_6300000,27225000,+1,10,5445,+
chrX_5425000,26350000,-1,10,5270,-
chrX_6750000,27675000,+1,10,5535,+
chrX_6290000,27215000,-1,10,5443,-
chrX_7180000,28105000,+1,10,5621,+
chrX_6290000,27215000,-1,10,5443,-
chrX_8040000,28965000,+1,10,5793,+
chrX_6290000,27215000,-1,10,5443,-
chrX_8040000,28965000,+1,10,5793,+
chrX_6740000,27665000,-1,10,5533,-
chrX_9465000,30390000,+1,10,6078,+
chrX_8040000,28965000,-1,10,5793,-
chrX_11090000,32015000,+1,10,6403,+
chrX_9455000,30380000,-1,10,6076,-
chrX_11035000,31960000,+1,10,6392,+
chrX_10390000,31315000,-1,10,6263,-
chrX_11930000,32855000,+1,10,6571,+
chrX_11085000,32010000,-1,10,6402,-
chrX_12175000,33100000,+1,10,6620,+
chrX_11465000,32390000,-1,10,6478,-
chrX_12360000,33285000,+1,10,6657,+
chrX_11935000,32860000,-1,10,6572,-
chrX_12510000,33435000,+1,10,6687,+
chrX_12170000,33095000,-1,10,6619,-
chrX_13510000,34435000,+1,10,6887,+
chrX_11930000,32855000,-1,10,6571,-
chrX_13700000,34625000,+1,10,6925,+
chrX_11930000,32855000,-1,10,6571,-
chrX_13690000,34615000,+1,10,6923,+
chrX_12175000,33100000,-1,10,6620,-
chrX_13520000,34445000,+1,10,6889,+
chrX_12175000,33100000,-1,10,6620,-
chrX_13700000,34625000,+1,10,6925,+
chrX_13505000,34430000,-1,10,6886,-
chrX_14525000,35450000,+1,10,7090,+
chrX_13505000,34430000,-1,10,6886,-
chrX_14525000,35450000,+1,10,7090,+
chrX_13700000,34625000,-1,10,6925,-
chrX_14810000,35735000,+1,10,7147,+
chrX_14470000,35395000,-1,10,7079,-
chrX_14810000,35735000,+1,10,7147,+
chrX_14555000,35480000,-1,10,7096,-
chrX_15270000,36195000,+1,10,7239,+
chrX_14500000,35425000,-1,10,7085,-
chrX_15270000,36195000,+1,10,7239,+
chrX_14560000,35485000,-1,10,7097,-
chrX_16050000,36975000,+1,10,7395,+
chrX_14520000,35445000,-1,10,7089,-
chrX_16200000,37125000,+1,10,7425,+
chrX_14520000,35445000,-1,10,7089,-
chrX_16050000,36975000,+1,10,7395,+
chrX_14810000,35735000,-1,10,7147,-
chrX_16205000,37130000,+1,10,7426,+
chrX_14810000,35735000,-1,10,7147,-
chrX_16680000,37605000,+1,10,7521,+
chrX_14520000,35445000,-1,10,7089,-
chrX_16205000,37130000,+1,10,7426,+
chrX_16060000,36985000,-1,10,7397,-
chrX_16680000,37605000,+1,10,7521,+
chrX_16055000,36980000,-1,10,7396,-
chrX_16680000,37605000,+1,10,7521,+
chrX_16200000,37125000,-1,10,7425,-
chrX_17180000,38105000,+1,10,7621,+
chrX_16050000,36975000,-1,10,7395,-
chrX_17180000,38105000,+1,10,7621,+
chrX_16680000,37605000,-1,10,7521,-
chrX_17540000,38465000,+1,10,7693,+
chrX_16055000,36980000,-1,10,7396,-
chrX_17540000,38465000,+1,10,7693,+
chrX_16200000,37125000,-1,10,7425,-
chrX_17540000,38465000,+1,10,7693,+
chrX_16680000,37605000,-1,10,7521,-
